,あ,,Ah,en-us,JLPT 4
,ああ,,like that,en-us,JLPT 4
間,あいだ,,a space,en-us,JLPT 4
合う,あう,,to match,en-us,JLPT 4
,あかちゃん,,baby,en-us,JLPT 4
上る,あがる,,to rise,en-us,JLPT 4
赤ん坊,あかんぼう,,baby,en-us,JLPT 4
空く,あく,,"to open, to become empty",en-us,JLPT 4
,あげる,,to give,en-us,JLPT 4
浅い,あさい,,"shallow, superficial",en-us,JLPT 4
味,あじ,,flavour,en-us,JLPT 4
明日,あす・あした,,tomorrow,en-us,JLPT 4
遊び,あそび,,play,en-us,JLPT 4
集る,あつまる,,to gather,en-us,JLPT 4
集める,あつめる,,to collect something,en-us,JLPT 4
謝る,あやまる,,to apologize,en-us,JLPT 4
安心,あんしん,,relief,en-us,JLPT 4
安全,あんぜん,,safety,en-us,JLPT 4
,あんな,,such,en-us,JLPT 4
以下,いか,,less than,en-us,JLPT 4
以外,いがい,,with the exception of,en-us,JLPT 4
医学,いがく,,medical science,en-us,JLPT 4
生きる,いきる,,to live,en-us,JLPT 4
意見,いけん,,opinion,en-us,JLPT 4
石,いし,,stone,en-us,JLPT 4
,いじめる,,to tease,en-us,JLPT 4
以上,いじょう,,"more than, this is all",en-us,JLPT 4
急ぐ,いそぐ,,to hurry,en-us,JLPT 4
致す,いたす,,(humble) to do,en-us,JLPT 4
一度,いちど,,once,en-us,JLPT 4
一生懸命,いっしょうけんめい,,with utmost effort,en-us,JLPT 4
,いっぱい,,full,en-us,JLPT 4
糸,いと,,thread,en-us,JLPT 4
以内,いない,,within,en-us,JLPT 4
田舎,いなか,,countryside,en-us,JLPT 4
祈る,いのる,,to pray,en-us,JLPT 4
,いらっしゃる,,"(respectful) to be, to come or to go",en-us,JLPT 4
植える,うえる,,"to plant, to grow",en-us,JLPT 4
受付,うけつけ,,receipt,en-us,JLPT 4
受ける,うける,,to take a lesson or test,en-us,JLPT 4
動く,うごく,,to move,en-us,JLPT 4
,うち,,within,en-us,JLPT 4
打つ,うつ,,to hit,en-us,JLPT 4
美しい,うつくしい,,beautiful,en-us,JLPT 4
写す,うつす,,to copy or photograph,en-us,JLPT 4
移る,うつる,,to move house or transfer,en-us,JLPT 4
腕,うで,,arm,en-us,JLPT 4
裏,うら,,reverse side,en-us,JLPT 4
売り場,うりば,,place where things are sold,en-us,JLPT 4
,うん,,(informal) yes,en-us,JLPT 4
運転手,うんてんしゅ,,driver,en-us,JLPT 4
枝,えだ,,"branch, twig",en-us,JLPT 4
選ぶ,えらぶ,,to choose,en-us,JLPT 4
遠慮,えんりょ・する,,"to be reserved, to be restrained",en-us,JLPT 4
,おいでになる,,(respectful) to be,en-us,JLPT 4
お祝い,おいわい,,congratulation,en-us,JLPT 4
,おかげ,,"owing to, thanks to",en-us,JLPT 4
,おかしい,,strange or funny,en-us,JLPT 4
億,おく,,one hundred million,en-us,JLPT 4
屋上,おくじょう,,rooftop,en-us,JLPT 4
贈り物,おくりもの,,gift,en-us,JLPT 4
送る,おくる,,to send,en-us,JLPT 4
遅れる,おくれる,,to be late,en-us,JLPT 4
起す,おこす,,to wake,en-us,JLPT 4
行う,おこなう,,to do,en-us,JLPT 4
怒る,おこる,,"to get angry, to be angry",en-us,JLPT 4
押し入れ,おしいれ,,closet,en-us,JLPT 4
お嬢さん,おじょうさん,,young lady,en-us,JLPT 4
お宅,おたく,,(polite) your house,en-us,JLPT 4
落る,おちる,,to fall or drop,en-us,JLPT 4
,おっしゃる,,(respectful) to say,en-us,JLPT 4
夫,おっと,,husband,en-us,JLPT 4
,おつり,,"change from purchase, balance",en-us,JLPT 4
音,おと,,"sound, note",en-us,JLPT 4
落す,おとす,,to drop,en-us,JLPT 4
踊り,おどり,,a dance,en-us,JLPT 4
踊る,おどる,,to dance,en-us,JLPT 4
驚く,おどろく,,to be surprised,en-us,JLPT 4
お祭り,おまつり,,festival,en-us,JLPT 4
お見舞い,おみまい,,"calling on someone who is ill, enquiry",en-us,JLPT 4
お土産,おみやげ,,souvenir,en-us,JLPT 4
思い出す,おもいだす,,to remember,en-us,JLPT 4
思う,おもう,,"to think, to feel",en-us,JLPT 4
,おもちゃ,,toy,en-us,JLPT 4
表,おもて,,the front,en-us,JLPT 4
親,おや,,parents,en-us,JLPT 4
泳ぎ方,およぎかた,,way of swimming,en-us,JLPT 4
下りる,おりる,,"to get off, to descend",en-us,JLPT 4
折る,おる,,to break or to fold,en-us,JLPT 4
お礼,おれい,,expression of gratitude,en-us,JLPT 4
折れる,おれる,,to break or be folded,en-us,JLPT 4
終わり,おわり,,the end,en-us,JLPT 4
海岸,かいがん,,coast,en-us,JLPT 4
会議,かいぎ,,meeting,en-us,JLPT 4
会議室,かいぎしつ,,meeting room,en-us,JLPT 4
会場,かいじょう,,assembly hall or meeting place,en-us,JLPT 4
会話,かいわ,,conversation,en-us,JLPT 4
帰り,かえり,,return,en-us,JLPT 4
変える,かえる,,to change,en-us,JLPT 4
科学,かがく,,science,en-us,JLPT 4
鏡,かがみ,,mirror,en-us,JLPT 4
掛ける,かける,,to hang something,en-us,JLPT 4
飾る,かざる,,to decorate,en-us,JLPT 4
火事,かじ,,fire,en-us,JLPT 4
,,ガス,gas,en-us,JLPT 4
堅/硬/固い,かたい,,hard,en-us,JLPT 4
形,かたち,,shape,en-us,JLPT 4
片付ける,かたづける,,to tidy up,en-us,JLPT 4
課長,かちょう,,section manager,en-us,JLPT 4
勝つ,かつ,,to win,en-us,JLPT 4
家内,かない,,housewife,en-us,JLPT 4
悲しい,かなしい,,sad,en-us,JLPT 4
必ず,かならず,,"certainly, necessarily",en-us,JLPT 4
お・金持ち,かねもち/おかねもち,,rich man,en-us,JLPT 4
彼女,かのじょ,,"she, girlfriend",en-us,JLPT 4
壁,かべ,,wall,en-us,JLPT 4
髪,かみ,,hair,en-us,JLPT 4
噛む,かむ,,"to bite, to chew",en-us,JLPT 4
通う,かよう,,to commute,en-us,JLPT 4
彼,かれ,,"he, boyfriend",en-us,JLPT 4
乾く,かわく,,to get dry,en-us,JLPT 4
代わり,かわり,,"substitute, alternate",en-us,JLPT 4
変わる,かわる,,to change,en-us,JLPT 4
考える,かんがえる,,to consider,en-us,JLPT 4
関係,かんけい,,relationship,en-us,JLPT 4
看護師,かんごし,,nurse,en-us,JLPT 4
簡単,かんたん,,simple,en-us,JLPT 4
気,き,,"spirit, mood",en-us,JLPT 4
機会,きかい,,opportunity,en-us,JLPT 4
危険,きけん,,danger,en-us,JLPT 4
聞こえる,きこえる,,to be heard,en-us,JLPT 4
汽車,きしゃ,,steam train,en-us,JLPT 4
技術,ぎじゅつ,,"art, technology, skill",en-us,JLPT 4
季節,きせつ,,season,en-us,JLPT 4
規則,きそく,,regulations,en-us,JLPT 4
,きっと,,surely,en-us,JLPT 4
絹,きぬ,,silk,en-us,JLPT 4
厳しい,きびしい,,strict,en-us,JLPT 4
気分,きぶん,,mood,en-us,JLPT 4
決る,きまる,,to be decided,en-us,JLPT 4
君,きみ,,(informal) You,en-us,JLPT 4
決める,きめる,,to decide,en-us,JLPT 4
気持ち,きもち,,"feeling, mood",en-us,JLPT 4
着物,きもの,,kimono,en-us,JLPT 4
客,きゃく,,"guest, customer",en-us,JLPT 4
急,きゅう,,"urgent, steep",en-us,JLPT 4
急行,きゅうこう,,"speedy, express",en-us,JLPT 4
教育,きょういく,,education,en-us,JLPT 4
教会,きょうかい,,church,en-us,JLPT 4
競争,きょうそう,,competition,en-us,JLPT 4
興味,きょうみ,,an interest,en-us,JLPT 4
近所,きんじょ,,neighbourhood,en-us,JLPT 4
具合,ぐあい,,"condition, health",en-us,JLPT 4
空気,くうき,,"air, atmosphere",en-us,JLPT 4
空港,くうこう,,airport,en-us,JLPT 4
草,くさ,,grass,en-us,JLPT 4
首,くび,,neck,en-us,JLPT 4
雲,くも,,cloud,en-us,JLPT 4
比べる,くらべる,,to compare,en-us,JLPT 4
,くれる,,to give,en-us,JLPT 4
暮れる,くれる,,"to get dark, to come to an end",en-us,JLPT 4
君,くん,,suffix for familiar young male,en-us,JLPT 4
毛,け,,hair or fur,en-us,JLPT 4
経済,けいざい,,"finance, economy",en-us,JLPT 4
警察,けいさつ,,police,en-us,JLPT 4
景色,けしき,,"scene, landscape",en-us,JLPT 4
消しゴム,けしゴム,,eraser,en-us,JLPT 4
下宿,げしゅく,,lodging,en-us,JLPT 4
決して,けっして,,never,en-us,JLPT 4
,けれど/けれども,,however,en-us,JLPT 4
原因,げんいん,,"cause, source",en-us,JLPT 4
,けんか・する,,to quarrel,en-us,JLPT 4
研究,けんきゅう,,research,en-us,JLPT 4
研究室,けんきゅうしつ,,"study room, laboratory",en-us,JLPT 4
見物,けんぶつ,,sightseeing,en-us,JLPT 4
子,こ,,child,en-us,JLPT 4
,こう,,this way,en-us,JLPT 4
郊外,こうがい,,outskirts,en-us,JLPT 4
講義,こうぎ,,lecture,en-us,JLPT 4
工業,こうぎょう,,the manufacturing industry,en-us,JLPT 4
高校,こうこう,,high school,en-us,JLPT 4
高校生,こうこうせい,,high school student,en-us,JLPT 4
工場,こうじょう/こうば,,"factory, plant, mill, workshop",en-us,JLPT 4
校長,こうちょう,,headmaster,en-us,JLPT 4
交通,こうつう,,"traffic, transportation",en-us,JLPT 4
講堂,こうどう,,auditorium,en-us,JLPT 4
高等学校,こうとうがっこう,,high school,en-us,JLPT 4
公務員,こうむいん,,"civil servant, government worker",en-us,JLPT 4
国際,こくさい,,international,en-us,JLPT 4
心,こころ,,"heart, mind, core",en-us,JLPT 4
御主人,ごしゅじん,,(honorable) your husband,en-us,JLPT 4
故障,こしょう・する,,to break-down,en-us,JLPT 4
ご存じ,ごぞんじ,,(respect form) to know,en-us,JLPT 4
答,こたえ,,response,en-us,JLPT 4
,ごちそう,,a feast,en-us,JLPT 4
小鳥,ことり,,small bird,en-us,JLPT 4
,このあいだ,,"the other day, recently",en-us,JLPT 4
,このごろ,,"these days, nowadays",en-us,JLPT 4
細かい,こまかい,,"small, fine",en-us,JLPT 4
込む,こむ,,to include,en-us,JLPT 4
米,こめ,,uncooked rice,en-us,JLPT 4
,ごらんになる,,(respectful) to see,en-us,JLPT 4
,これから,,after this,en-us,JLPT 4
怖い,こわい,,frightening,en-us,JLPT 4
壊す,こわす,,to break,en-us,JLPT 4
壊れる,こわれる,,to be broken,en-us,JLPT 4
今度,こんど,,"now, next time",en-us,JLPT 4
今夜,こんや,,tonight,en-us,JLPT 4
最近,さいきん,,"latest, nowadays",en-us,JLPT 4
最後,さいご,,"last, end",en-us,JLPT 4
最初,さいしょ,,"beginning, first",en-us,JLPT 4
坂,さか,,slope, hill,en-us,JLPT 4
探す,さがす,,to look for,en-us,JLPT 4
下る,さがる,,"to get down, to descend",en-us,JLPT 4
盛ん,さかん,,"popularity, prosperous",en-us,JLPT 4
下げる,さげる,,"to hang, to lower, to move back",en-us,JLPT 4
差し上げる,さしあげる,,(polite) to give,en-us,JLPT 4
,さっき,,some time ago,en-us,JLPT 4
寂しい,さびしい,,lonely,en-us,JLPT 4
さ来月,さらいげつ,,the month after next,en-us,JLPT 4
さ来週,さらいしゅう,,the week after next,en-us,JLPT 4
騒ぐ,さわぐ,,"to make noise, to be excited",en-us,JLPT 4
触る,さわる,,to touch,en-us,JLPT 4
産業,さんぎょう,,industry,en-us,JLPT 4
残念,ざんねん,,disappointment,en-us,JLPT 4
市,し,,city,en-us,JLPT 4
字,じ,,character,en-us,JLPT 4
試合,しあい,,"match, game",en-us,JLPT 4
仕方,しかた,,method,en-us,JLPT 4
試験,しけん,,examination,en-us,JLPT 4
事故,じこ,,accident,en-us,JLPT 4
地震,じしん,,earthquake,en-us,JLPT 4
時代,じだい,,era,en-us,JLPT 4
下着,したぎ,,underwear,en-us,JLPT 4
,しっかり,,"firmly, steadily",en-us,JLPT 4
失敗,しっぱい,,"failure, mistake",en-us,JLPT 4
辞典,じてん,,dictionary,en-us,JLPT 4
品物,しなもの,,goods,en-us,JLPT 4
,しばらく,,little while,en-us,JLPT 4
島,しま,,island,en-us,JLPT 4
市民,しみん,,citizen,en-us,JLPT 4
事務所,じむしょ,,office,en-us,JLPT 4
社会,しゃかい,,"society, public",en-us,JLPT 4
社長,しゃちょう,,company president,en-us,JLPT 4
自由,じゆう,,freedom,en-us,JLPT 4
習慣,しゅうかん,,"custom, manners",en-us,JLPT 4
住所,じゅうしょ,,"an address, a residence",en-us,JLPT 4
柔道,じゅうどう,,judo,en-us,JLPT 4
十分,じゅうぶん,,enough,en-us,JLPT 4
趣味,しゅみ,,hobby,en-us,JLPT 4
紹介,しょうかい,,introduction,en-us,JLPT 4
小学校,しょうがっこう,,elementary school,en-us,JLPT 4
小説,しょうせつ,,novel,en-us,JLPT 4
将来,しょうらい,,"future, prospects",en-us,JLPT 4
食料品,しょくりょうひん,,groceries,en-us,JLPT 4
女性,じょせい,,woman,en-us,JLPT 4
知らせる,しらせる,,to notify,en-us,JLPT 4
調べる,しらべる,,to investigate,en-us,JLPT 4
人口,じんこう,,population,en-us,JLPT 4
神社,じんじゃ,,Shinto shrine,en-us,JLPT 4
親切,しんせつ,,kindness,en-us,JLPT 4
新聞社,しんぶんしゃ,,newspaper company,en-us,JLPT 4
水泳,すいえい,,swimming,en-us,JLPT 4
水道,すいどう,,water supply,en-us,JLPT 4
数学,すうがく,,"mathematics, arithmetic",en-us,JLPT 4
過ぎる,すぎる,,to exceed,en-us,JLPT 4
凄い,すごい,,terrific,en-us,JLPT 4
進む,すすむ,,to make progress,en-us,JLPT 4
,すっかり,,completely,en-us,JLPT 4
,すっと,,"straight, all of a sudden",en-us,JLPT 4
捨てる,すてる,,to throw away,en-us,JLPT 4
砂,すな,,sand,en-us,JLPT 4
滑る,すべる,,"to slide, to slip",en-us,JLPT 4
隅,すみ,,"corner, nook",en-us,JLPT 4
済む,すむ,,to finish,en-us,JLPT 4
,すり,,pickpocket,en-us,JLPT 4
,すると,,then,en-us,JLPT 4
生活,せいかつ・する,,to live,en-us,JLPT 4
生産,せいさん・する,,to produce,en-us,JLPT 4
政治,せいじ,,"politics, government",en-us,JLPT 4
西洋,せいよう,,western countries,en-us,JLPT 4
世界,せかい,,the world,en-us,JLPT 4
席,せき,,seat,en-us,JLPT 4
説明,せつめい,,explanation,en-us,JLPT 4
背中,せなか,,back of the body,en-us,JLPT 4
線,せん,,line,en-us,JLPT 4
戦争,せんそう,,war,en-us,JLPT 4
先輩,せんぱい,,senior,en-us,JLPT 4
,そう,,really,en-us,JLPT 4
育てる,そだてる,,"to rear, to bring up",en-us,JLPT 4
卒業,そつぎょう,,graduation,en-us,JLPT 4
祖父,そふ,,grandfather,en-us,JLPT 4
祖母,そぼ,,grandmother,en-us,JLPT 4
,それで,,because of that,en-us,JLPT 4
,それに,,moreover,en-us,JLPT 4
,それほど,,to that extent,en-us,JLPT 4
,そろそろ,,"gradually, soon",en-us,JLPT 4
,そんな,,that sort of,en-us,JLPT 4
,そんなに,,"so much, like that",en-us,JLPT 4
退院,たいいん・する,,to leave hospital,en-us,JLPT 4
大学生,だいがくせい,,university student,en-us,JLPT 4
大事,だいじ,,"important, valuable, serious matter",en-us,JLPT 4
大体,だいたい,,generally,en-us,JLPT 4
,たいてい,,usually,en-us,JLPT 4
大分,だいぶ,,greatly,en-us,JLPT 4
台風,たいふう,,typhoon,en-us,JLPT 4
倒れる,たおれる,,to break down,en-us,JLPT 4
,だから,,"so, therefore",en-us,JLPT 4
確か,たしか,,definite,en-us,JLPT 4
足す,たす,,to add a number,en-us,JLPT 4
訪ねる,たずねる,,to visit,en-us,JLPT 4
尋ねる,たずねる,,to ask,en-us,JLPT 4
正しい,ただしい,,correct,en-us,JLPT 4
畳,たたみ,,Japanese straw mat,en-us,JLPT 4
立てる,たてる,,to stand something up,en-us,JLPT 4
建てる,たてる,,to build,en-us,JLPT 4
例えば,たとえば,,for example,en-us,JLPT 4
棚,たな,,shelves,en-us,JLPT 4
楽しみ,たのしみ,,joy,en-us,JLPT 4
楽む,たのしむ,,to enjoy oneself,en-us,JLPT 4
,たまに,,occasionally,en-us,JLPT 4
為,ため,,in order to,en-us,JLPT 4
足りる,たりる,,to be enough,en-us,JLPT 4
男性,だんせい,,male,en-us,JLPT 4
暖房,だんぼう,,heating,en-us,JLPT 4
血,ち,,blood,en-us,JLPT 4
,,チェック・する,to check,en-us,JLPT 4
力,ちから,,"strength, power",en-us,JLPT 4
,ちっとも,,not at all (used with a negative verb),en-us,JLPT 4
,ちゃん,,suffix for familiar person,en-us,JLPT 4
注意,ちゅうい,,caution,en-us,JLPT 4
中学校,ちゅうがっこう,,"junior high school, middle school",en-us,JLPT 4
注射,ちゅうしゃ,,injection,en-us,JLPT 4
駐車場,ちゅうしゃじょう,,parking lot,en-us,JLPT 4
地理,ちり,,geography,en-us,JLPT 4
捕まえる,つかまえる,,to seize,en-us,JLPT 4
付く,つく,,to be attached,en-us,JLPT 4
漬ける,つける,,"to soak, to pickle",en-us,JLPT 4
都合,つごう,,"circumstances, convenience",en-us,JLPT 4
伝える,つたえる,,to report,en-us,JLPT 4
続く,つづく,,to be continued,en-us,JLPT 4
続ける,つづける,,to continue,en-us,JLPT 4
包む,つつむ,,to wrap,en-us,JLPT 4
妻,つま,,my wife,en-us,JLPT 4
,つもり,,intention,en-us,JLPT 4
釣る,つる,,to fish,en-us,JLPT 4
丁寧,ていねい,,polite,en-us,JLPT 4
適当,てきとう,,suitability,en-us,JLPT 4
手伝う,てつだう,,to assist,en-us,JLPT 4
手袋,てぶくろ,,glove,en-us,JLPT 4
寺,てら,,temple,en-us,JLPT 4
点,てん,,"point, dot",en-us,JLPT 4
店員,てんいん,,shop assistant,en-us,JLPT 4
天気予報,てんきよほう,,weather forecast,en-us,JLPT 4
電灯,でんとう,,electric light,en-us,JLPT 4
電報,でんぽう,,telegram,en-us,JLPT 4
展覧会,てんらんかい,,exhibition,en-us,JLPT 4
都,と,,metropolitan,en-us,JLPT 4
道具,どうぐ,,"tool, means",en-us,JLPT 4
,とうとう,,"finally, after all",en-us,JLPT 4
動物園,どうぶつえん,,zoo,en-us,JLPT 4
遠く,とおく,,distant,en-us,JLPT 4
通る,とおる,,to go through,en-us,JLPT 4
特に,とくに,,"particularly, especially",en-us,JLPT 4
特別,とくべつ,,special,en-us,JLPT 4
,とこや,,barber,en-us,JLPT 4
途中,とちゅう,,on the way,en-us,JLPT 4
特急,とっきゅう,,limited express train (faster than an express train),en-us,JLPT 4
届ける,とどける,,"to send, to deliver, to report",en-us,JLPT 4
泊まる,とまる,,to lodge at,en-us,JLPT 4
止める,とめる,,to stop something,en-us,JLPT 4
取り替える,とりかえる,,to exchange,en-us,JLPT 4
泥棒,どろぼう,,thief,en-us,JLPT 4
,どんどん,,more and more,en-us,JLPT 4
直す,なおす,,"to fix, to repair",en-us,JLPT 4
直る,なおる,,"to be fixed, to be repaired",en-us,JLPT 4
治る,なおる,,"to be cured, to heal",en-us,JLPT 4
泣く,なく,,to weep,en-us,JLPT 4
無くなる,なくなる,,"to disappear, to get lost",en-us,JLPT 4
亡くなる,なくなる,,to die,en-us,JLPT 4
投げる,なげる,,to throw or cast away,en-us,JLPT 4
,なさる,,(respectful) to do,en-us,JLPT 4
鳴る,なる,,to sound,en-us,JLPT 4
,なるべく,,as much as possible,en-us,JLPT 4
,なるほど,,now I understand,en-us,JLPT 4
慣れる,なれる,,to grow accustomed to,en-us,JLPT 4
苦い,にがい,,bitter,en-us,JLPT 4
二階建て,にかいだて,,two storied,en-us,JLPT 4
逃げる,にげる,,to escape,en-us,JLPT 4
日記,にっき,,journal,en-us,JLPT 4
入院,にゅういん・する,,"to hospitalise, hospitalisation",en-us,JLPT 4
入学,にゅうがく・する,,to enter school or university,en-us,JLPT 4
似る,にる,,to be similar,en-us,JLPT 4
人形,にんぎょう,,"doll, figure",en-us,JLPT 4
盗む,ぬすむ,,to steal,en-us,JLPT 4
塗る,ぬる,,"to paint, to colour, to plaster",en-us,JLPT 4
,ぬれる,,to get wet,en-us,JLPT 4
,ねだん,,price,en-us,JLPT 4
熱,ねつ,,fever,en-us,JLPT 4
寝坊,ねぼう,,sleeping in late,en-us,JLPT 4
眠い,ねむい,,sleepy,en-us,JLPT 4
眠る,ねむる,,to sleep,en-us,JLPT 4
残る,のこる,,to remain,en-us,JLPT 4
乗り換える,のりかえる,,to change between buses or trains,en-us,JLPT 4
乗り物,のりもの,,vehicle,en-us,JLPT 4
葉,は,,leaf,en-us,JLPT 4
場合,ばあい,,situation,en-us,JLPT 4
倍,ばい,,double,en-us,JLPT 4
拝見,はいけん・する,,(humble) to look at,en-us,JLPT 4
歯医者,はいしゃ,,dentist,en-us,JLPT 4
運ぶ,はこぶ,,to transport,en-us,JLPT 4
始める,はじめる,,to begin,en-us,JLPT 4
場所,ばしょ,,location,en-us,JLPT 4
,はず,,it should be so,en-us,JLPT 4
恥ずかしい,はずかしい,,embarrassed,en-us,JLPT 4
発音,はつおん,,pronunciation,en-us,JLPT 4
,はっきり,,clearly,en-us,JLPT 4
花見,はなみ,,cherry-blossom viewing,en-us,JLPT 4
林,はやし,,"woods, forester",en-us,JLPT 4
払う,はらう,,to pay,en-us,JLPT 4
番組,ばんぐみ,,television or radio program,en-us,JLPT 4
反対,はんたい,,opposition,en-us,JLPT 4
日,ひ,,day, sun,en-us,JLPT 4
火,ひ,,fire,en-us,JLPT 4
冷える,ひえる,,to grow cold,en-us,JLPT 4
光,ひかり,,light,en-us,JLPT 4
光る,ひかる,,"to shine, to glitter",en-us,JLPT 4
引き出し,ひきだし,,"drawer, drawing out",en-us,JLPT 4
,ひきだす,,to withdraw,en-us,JLPT 4
,ひげ,,beard,en-us,JLPT 4
飛行場,ひこうじょう,,airport,en-us,JLPT 4
久しぶり,ひさしぶり,,after a long time,en-us,JLPT 4
美術館,びじゅつかん,,art gallery,en-us,JLPT 4
非常に,ひじょうに,,extremely,en-us,JLPT 4
引っ越す,ひっこす,,to move house,en-us,JLPT 4
必要,ひつよう,,necessary,en-us,JLPT 4
,ひどい,,awful,en-us,JLPT 4
開く,ひらく,,to open an event,en-us,JLPT 4
昼間,ひるま,,"daytime, during the day",en-us,JLPT 4
昼休み,ひるやすみ,,noon break,en-us,JLPT 4
拾う,ひろう,,"to pick up, to gather",en-us,JLPT 4
増える,ふえる,,to increase,en-us,JLPT 4
深い,ふかい,,deep,en-us,JLPT 4
複雑,ふくざつ,,"complexity, complication",en-us,JLPT 4
復習,ふくしゅう,,revision,en-us,JLPT 4
部長,ぶちょう,,head of a section,en-us,JLPT 4
普通,ふつう,,"usually, or a train that stops at every station",en-us,JLPT 4
,ぶどう,,grapes,en-us,JLPT 4
太る,ふとる,,to become fat,en-us,JLPT 4
布団,ふとん,,"Japanese bedding, futon",en-us,JLPT 4
舟,ふね,,ship,en-us,JLPT 4
不便,ふべん,,inconvenience,en-us,JLPT 4
踏む,ふむ,,to step on,en-us,JLPT 4
降り出す,ふりだす,,to start to rain,en-us,JLPT 4
文化,ぶんか,,culture,en-us,JLPT 4
文学,ぶんがく,,literature,en-us,JLPT 4
文法,ぶんぽう,,grammar,en-us,JLPT 4
別,べつ,,different,en-us,JLPT 4
変,へん,,strange,en-us,JLPT 4
返事,へんじ,,reply,en-us,JLPT 4
貿易,ぼうえき,,trade,en-us,JLPT 4
法律,ほうりつ,,law,en-us,JLPT 4
僕,ぼく,,I (used by males),en-us,JLPT 4
星,ほし,,star,en-us,JLPT 4
,ほとんど,,mostly,en-us,JLPT 4
,ほめる,,to praise,en-us,JLPT 4
翻訳,ほんやく,,translation,en-us,JLPT 4
参る,まいる,,"(humble) to go, to come",en-us,JLPT 4
負ける,まける,,to lose,en-us,JLPT 4
,または,,"or, otherwise",en-us,JLPT 4
間違える,まちがえる,,to make a mistake,en-us,JLPT 4
間に合う,まにあう,,to be in time for,en-us,JLPT 4
周り,まわり,,surroundings,en-us,JLPT 4
回る,まわる,,to go around,en-us,JLPT 4
漫画,まんが,,comic,en-us,JLPT 4
真中,まんなか,,middle,en-us,JLPT 4
見える,みえる,,to be in sight,en-us,JLPT 4
湖,みずうみ,,lake,en-us,JLPT 4
味噌,みそ,,"miso, soybean paste",en-us,JLPT 4
見つかる,みつかる,,to be discovered,en-us,JLPT 4
見つける,みつける,,to discover,en-us,JLPT 4
皆,みな,,everybody,en-us,JLPT 4
港,みなと,,harbour,en-us,JLPT 4
向かう,むかう,,to face,en-us,JLPT 4
迎える,むかえる,,to go out to meet,en-us,JLPT 4
昔,むかし,,"old times, old days, long ago, formerly",en-us,JLPT 4
虫,むし,,insect,en-us,JLPT 4
息子,むすこ,,(humble) son,en-us,JLPT 4
娘,むすめ,,(humble) daughter,en-us,JLPT 4
無理,むり,,impossible,en-us,JLPT 4
召し上がる,めしあがる,,(polite) to eat,en-us,JLPT 4
珍しい,めずらしい,,rare,en-us,JLPT 4
申し上げる,もうしあげる,,"(humble) to say, to tell",en-us,JLPT 4
申す,もうす,,"(humble) to be called, to say",en-us,JLPT 4
,もうすぐ,,soon,en-us,JLPT 4
,もし,,if,en-us,JLPT 4
戻る,もどる,,to turn back,en-us,JLPT 4
木綿,もめん,,cotton,en-us,JLPT 4
森,もり,,forest,en-us,JLPT 4
焼く,やく,,"to bake, to grill",en-us,JLPT 4
約束,やくそく,,promise,en-us,JLPT 4
役に立つ,やくにたつ,,to be helpful,en-us,JLPT 4
焼ける,やける,,"to burn, to be roasted",en-us,JLPT 4
優しい,やさしい,,kind,en-us,JLPT 4
痩せる,やせる,,to become thin,en-us,JLPT 4
,やっと,,at last,en-us,JLPT 4
止む,やむ,,to stop,en-us,JLPT 4
止める,やめる,,to stop,en-us,JLPT 4
柔らかい,やわらかい,,soft,en-us,JLPT 4
湯,ゆ,,hot water,en-us,JLPT 4
指,ゆび,,finger,en-us,JLPT 4
指輪,ゆびわ,,a ring,en-us,JLPT 4
夢,ゆめ,,dream,en-us,JLPT 4
揺れる,ゆれる,,"to shake, to sway",en-us,JLPT 4
用,よう,,use,en-us,JLPT 4
用意,ようい,,preparation,en-us,JLPT 4
用事,ようじ,,things to do,en-us,JLPT 4
汚れる,よごれる,,to get dirty,en-us,JLPT 4
予習,よしゅう,,preparation for a lesson,en-us,JLPT 4
予定,よてい,,arrangement,en-us,JLPT 4
予約,よやく,,reservation,en-us,JLPT 4
寄る,よる,,to visit,en-us,JLPT 4
喜ぶ,よろこぶ,,to be delighted,en-us,JLPT 4
理由,りゆう,,reason,en-us,JLPT 4
利用,りよう,,utilization,en-us,JLPT 4
両方,りょうほう,,both sides,en-us,JLPT 4
旅館,りょかん,,Japanese hotel,en-us,JLPT 4
留守,るす,,absence,en-us,JLPT 4
冷房,れいぼう,,air conditioning,en-us,JLPT 4
歴史,れきし,,history,en-us,JLPT 4
連絡,れんらく,,contact,en-us,JLPT 4
沸かす,わかす,,"to boil, to heat",en-us,JLPT 4
別れる,わかれる,,to separate,en-us,JLPT 4
沸く,わく,,"to boil, to grow hot, to get excited",en-us,JLPT 4
訳,わけ,,"meaning, reason",en-us,JLPT 4
忘れ物,わすれもの,,lost article,en-us,JLPT 4
笑う,わらう,,"to laugh, to smile",en-us,JLPT 4
割合,わりあい,,"rate, ratio, percentage",en-us,JLPT 4
割れる,われる,,to break,en-us,JLPT 4
,,アクセサリー,accessory,en-us,JLPT 4
,,アジア,Asia,en-us,JLPT 4
,,アナウンサー,announcer,en-us,JLPT 4
,,アフリカ,Africa,en-us,JLPT 4
,,アメリカ,America,en-us,JLPT 4
,,アルコール,alcohol,en-us,JLPT 4
,,アルバイト,part-time job,en-us,JLPT 4
,,エスカレーター,escalator,en-us,JLPT 4
,,オートバイ,motorcycle,en-us,JLPT 4
,,カーテン,curtain,en-us,JLPT 4
,,ガス,gas,en-us,JLPT 4
,,ガソリン,petrol,en-us,JLPT 4
,,ガソリンスタンド,petrol station,en-us,JLPT 4
,,ガラス,a glass pane,en-us,JLPT 4
,,ケーキ,cake,en-us,JLPT 4
消しゴム,けしゴム,,"eraser, rubber",en-us,JLPT 4
,,コンサート,concert,en-us,JLPT 4
,,コンピューター,computer,en-us,JLPT 4
,,サラダ,salad,en-us,JLPT 4
,,サンダル,sandal,en-us,JLPT 4
,,サンドイッチ,sandwich,en-us,JLPT 4
,,ジャム,jam,en-us,JLPT 4
,,スーツ,suit,en-us,JLPT 4
,,スーツケース,suitcase,en-us,JLPT 4
,,スクリーン,screen,en-us,JLPT 4
,,ステーキ,steak,en-us,JLPT 4
,,ステレオ,stereo,en-us,JLPT 4
,,ソフト,soft,en-us,JLPT 4
,,タイプ,"type, style",en-us,JLPT 4
,,チェック・する,to check,en-us,JLPT 4
,,テキスト,"text, text book",en-us,JLPT 4
,,テニス,tennis,en-us,JLPT 4
,,パート,part time,en-us,JLPT 4
,,パソコン,personal computer,en-us,JLPT 4
,,ハンドバッグ,handbag　,en-us,JLPT 4
,,ピアノ,piano,en-us,JLPT 4
,,ビル,building or bill,en-us,JLPT 4
,,ファックス,fax,en-us,JLPT 4
,,プレゼント,present,en-us,JLPT 4
,,ベル,bell,en-us,JLPT 4
,,レジ,register,en-us,JLPT 4
,,レポート/リポート,report,en-us,JLPT 4
,,ワープロ,word processor,en-us,JLPT 4
